{"noiseKey":{"private":{"type":"Buffer","data":"CDqf6isllWEI5Rk5XpXTYxOwDUDg9tS4ut8pZBnv7Fc="},"public":{"type":"Buffer","data":"N3XsClefX6H5ctQKHgQ6Bq4pj9Ux+zdY8D8q9Iip9EA="}},"signedIdentityKey":{"private":{"type":"Buffer","data":"qFe1EERkF+sTNhpdc6IWdLwk4YCHB3NnsgcUZ6zF1WQ="},"public":{"type":"Buffer","data":"T3hdstjHg5D8S6XJAuhiAB8eAgtIphqhEWZtUpm8p2o="}},"signedPreKey":{"keyPair":{"private":{"type":"Buffer","data":"GDb05DDrksmg0w4S6TbOf7C60HApsQSEOGLIE1riGl4="},"public":{"type":"Buffer","data":"+JR+m6FGfGv0F6ucAqoLP52biVcPWmAJ51mF8cQKfBg="}},"signature":{"type":"Buffer","data":"oIMFzMpThMkXzEYfZ3V9C9t921/5ukRnr/BEQWoxcqPEC9Hn+86hb9DzCALQ0LPjsua/YiPHwHVfohAA9Y/RhQ=="},"keyId":1},"registrationId":7,"advSecretKey":"b1wOEGIbh/+CB1WHhfCIL9I+FJGf6ZNNeBxVyJibfXE=","processedHistoryMessages":[],"nextPreKeyId":31,"firstUnuploadedPreKeyId":31,"accountSettings":{"unarchiveChats":false},"account":{"details":"CMWWmMQEEPOywJ8GGAE=","accountSignatureKey":"RNKcO094ElxN2Tdz47bQ/43muPWHG59ODv1HT+z8C2k=","accountSignature":"WebZKT6s4by653NEJgZ2PaGlMWH/JjrbkP4BKexb6977gKkG1a1JMtRBU4NP6mgT5aZYcOV2SzKReLVAgbMSDw==","deviceSignature":"rmCbhJM+g8Pfnyr7n38CwXWo/v+q0EyNw0saZJN1W9EMsE8RAnSO41T3+gmZsJYVj/k1isjuMPOcCFqlBiIphg=="},"me":{"id":"17175965553:1@s.whatsapp.net","name":"Hge"},"signalIdentities":[{"identifier":{"name":"17175965553:1@s.whatsapp.net","deviceId":0},"identifierKey":{"type":"Buffer","data":"BUTSnDtPeBJcTdk3c+O20P+N5rj1hxufTg79R0/s/Atp"}}],"platform":"smba","lastAccountSyncTimestamp":1676679543}