{"_sessions":{"BdXdHtCgTeC1F72mXEvd5u8qfftEqHtgkXdcNb2HkH9S":{"registrationId":1638320519,"currentRatchet":{"ephemeralKeyPair":{"pubKey":"BdjeupWffsWjczb/T9en0Hm7mo5Cg32IlKLjPCV0VB4G","privKey":"4N9rl758J8uOKmar+e92v3iFO8MSBXqjyoFwfKH4aUk="},"lastRemoteEphemeralKey":"BZKgF7BriACHqjZMEGNpOV9GMdp2hg87H+KVpHSOMPh0","previousCounter":0,"rootKey":"OVgmMZrGN+Oa5Wb8Anrsd5KhUAarbJQg95uTsgQ9FDY="},"indexInfo":{"baseKey":"BdXdHtCgTeC1F72mXEvd5u8qfftEqHtgkXdcNb2HkH9S","baseKeyType":2,"closed":-1,"used":1676679557390,"created":1676679557390,"remoteIdentityKey":"BUTSnDtPeBJcTdk3c+O20P+N5rj1hxufTg79R0/s/Atp"},"_chains":{"BZKgF7BriACHqjZMEGNpOV9GMdp2hg87H+KVpHSOMPh0":{"chainKey":{"counter":0,"key":"D965CnffiQJSNMIqNcy7n3a3C3lG3AM6lTK7pNW0DQI="},"chainType":2,"messageKeys":{}},"BdjeupWffsWjczb/T9en0Hm7mo5Cg32IlKLjPCV0VB4G":{"chainKey":{"counter":-1,"key":"U0JHtBo6cqD8/rtKuKJ7gkoaSEB2ZVp1+dp2IrhMqkw="},"chainType":1,"messageKeys":{}}}}},"version":"v1"}